Area_Marla,Bedrooms,Bathrooms,Age_Years,Parking_Spaces,Location,Property_Type,Price_PKR
6,2,1,7,0,Karachi,House,9051858
5,3,2,1,1,Lahore,House,9783962
19,6,6,17,2,Karachi,Villa,25261148
17,6,5,25,2,Lahore,House,21906778
11,3,3,24,0,Islamabad,House,14408382
6,3,2,19,2,Islamabad,House,10822275
6,3,3,17,1,Islamabad,Villa,11931629
5,2,2,24,1,Islamabad,House,8265907
15,6,5,20,1,Islamabad,House,20972528
9,5,4,22,1,Lahore,Villa,15540086
10,3,2,12,1,Islamabad,Villa,15470035
4,2,2,25,1,Islamabad,Apartment,6519403
9,5,4,6,2,Rawalpindi,Apartment,13639811
11,3,3,23,1,Faisalabad,Villa,14469245
15,6,6,4,0,Faisalabad,Apartment,19259405
6,2,2,25,0,Rawalpindi,Villa,9103457
15,6,5,16,0,Islamabad,Villa,22010116
20,6,5,3,1,Islamabad,Apartment,25545763
3,3,2,16,0,Karachi,Villa,8002942
19,6,6,4,0,Islamabad,House,25349902
18,6,6,11,0,Islamabad,House,23992572
5,2,1,2,1,Faisalabad,House,8078369
20,6,5,16,1,Faisalabad,Apartment,23255492
9,5,4,12,2,Islamabad,Apartment,14556882
10,3,3,10,1,Lahore,Villa,15080914
3,2,2,7,1,Lahore,House,6854299
19,6,5,21,1,Rawalpindi,House,23238782
18,6,5,25,0,Rawalpindi,House,21401639
16,6,5,13,0,Rawalpindi,Villa,21723198
4,2,1,25,1,Lahore,House,6449448
20,6,6,13,2,Karachi,Apartment,24281941
5,2,2,1,0,Faisalabad,House,7937861
8,3,2,15,0,Karachi,Apartment,10072634
15,5,4,8,2,Rawalpindi,Apartment,19052765
18,6,6,9,0,Karachi,House,23188838
4,2,1,16,0,Faisalabad,House,6172496
5,2,2,19,1,Lahore,Villa,9483389
6,4,4,18,0,Faisalabad,House,9959589
19,6,5,6,1,Islamabad,House,25255011
7,4,3,14,0,Islamabad,House,12390547
6,2,2,16,1,Islamabad,House,9562132
10,4,3,5,1,Rawalpindi,Villa,15804634
3,3,2,21,1,Lahore,House,6761035
6,4,4,8,1,Islamabad,Villa,13629536
9,5,4,16,0,Rawalpindi,Apartment,12486781
16,6,6,0,1,Islamabad,House,23119430
17,6,5,17,0,Lahore,House,21686294
20,6,5,18,2,Faisalabad,House,23753636
4,2,1,25,1,Lahore,Apartment,5711650
6,3,2,19,1,Karachi,House,9195652
16,5,5,23,1,Islamabad,Apartment,20049766
8,4,4,12,1,Lahore,Apartment,12139267
17,6,5,25,0,Karachi,House,20952511
15,6,5,2,2,Islamabad,Apartment,21692262
13,4,4,8,1,Karachi,Villa,18260115
6,4,3,11,0,Islamabad,Apartment,10843906
9,4,4,22,1,Rawalpindi,House,12761913
16,5,4,19,0,Islamabad,Villa,21874910
19,6,5,10,1,Rawalpindi,Villa,25181343
7,2,1,21,1,Rawalpindi,Villa,10336750
12,5,5,9,2,Islamabad,House,18597902
17,6,5,21,2,Karachi,Villa,22967934
5,2,1,2,1,Karachi,Villa,9715552
9,3,3,1,0,Karachi,Apartment,12367538
16,6,6,22,2,Rawalpindi,Apartment,20035836
7,4,4,24,1,Lahore,Apartment,10544430
19,6,6,17,2,Karachi,House,23869816
17,6,5,24,2,Rawalpindi,Villa,22884485
17,5,4,14,1,Islamabad,House,22206622
18,6,6,8,1,Rawalpindi,House,23115884
11,4,3,17,1,Lahore,House,14922495
15,6,6,22,2,Karachi,House,20457398
13,6,5,13,2,Lahore,House,19278396
3,3,2,15,1,Lahore,Apartment,6608930
16,6,6,15,2,Karachi,Apartment,21009232
3,2,1,21,1,Rawalpindi,Villa,6830094
7,4,4,12,0,Faisalabad,Villa,12118025
16,5,4,5,2,Lahore,Apartment,20443254
9,4,3,10,2,Rawalpindi,Apartment,12514525
5,2,2,23,1,Faisalabad,House,6855113
5,3,3,24,1,Lahore,House,8481369
7,2,2,15,1,Lahore,Villa,11487623
11,4,4,19,0,Faisalabad,Villa,15181720
12,4,4,9,2,Faisalabad,Villa,17375922
9,3,3,3,0,Islamabad,Villa,15463423
4,2,1,21,1,Islamabad,House,7203266
16,6,6,13,2,Islamabad,Villa,23880422
16,5,4,19,2,Faisalabad,Apartment,18816732
11,4,4,2,1,Islamabad,Apartment,16267282
15,6,6,15,2,Islamabad,House,21672423
14,5,4,8,1,Faisalabad,Villa,19752789
3,3,3,2,2,Karachi,Villa,9842311
20,6,5,20,0,Rawalpindi,Apartment,22597573
12,4,3,22,1,Karachi,Apartment,14626249
20,6,5,13,1,Faisalabad,Apartment,23345786
11,4,3,7,1,Lahore,Villa,16910876
6,4,4,6,2,Karachi,Villa,12929930
19,6,5,3,1,Karachi,Apartment,23598411
8,3,3,22,1,Faisalabad,House,10277726
4,3,2,22,2,Karachi,Villa,8787570
